,BLEU,ROUGE-1,ROUGE-2,ROUGE-L,CodeBERTScore,chrF
0,0.5793354923967914,0.6139770356042025,0.5109338435957271,0.6120332548643632,0.9404209949904018,0.6386116609835265
