,BLEU,ROUGE-1,ROUGE-2,ROUGE-L,CodeBERTScore,chrF
0,0.604602299885531,0.6306433120440446,0.5318361803784732,0.6230249841484378,0.9452504480878512,0.6743632857144287
