,BLEU,ROUGE-1,ROUGE-2,ROUGE-L,CodeBERTScore,chrF
0,0.5953513929398762,0.6299018453645022,0.5273016253106872,0.62076064097064,0.9417114032639398,0.6735942865469455
