,BLEU,ROUGE-1,ROUGE-2,ROUGE-L,CodeBERTScore,chrF
0,0.5592111758641158,0.5972065225560823,0.493543581998063,0.5954243210921119,0.9379716015524334,0.6248806302566629
