,BLEU,ROUGE-1,ROUGE-2,ROUGE-L,CodeBERTScore,chrF
0,0.6273288744665505,0.646384707912716,0.5519502529583451,0.6392700341329625,0.9456121431456672,0.6943896424750559
