,BLEU,ROUGE-1,ROUGE-2,ROUGE-L,CodeBERTScore,chrF
0,0.5694496428663722,0.6094799077499851,0.5060474762863311,0.5994540649590357,0.9360279192527136,0.6510908610773801
